Site,Day,Priority,URL,Indexed
aarisehealthcare.com,1,1,https://aarisehealthcare.com/research-compounds-supplier-network/,Yes
aarisehealthcare.com,1,2,https://aarisehealthcare.com/research-compounds-supplier-brazil-pharma-grade/,Yes
aarisehealthcare.com,1,3,https://aarisehealthcare.com/research-compounds-supplier-colombia-pharma-grade/,Yes
aarisehealthcare.com,1,4,https://aarisehealthcare.com/research-compounds-supplier-chile-pharma-grade/,Yes
aarisehealthcare.com,1,5,https://aarisehealthcare.com/research-compounds-supplier-argentina-pharma-grade/,Yes
aarisehealthcare.com,1,6,https://aarisehealthcare.com/research-compounds-supplier-ecuador-pharma-grade/,Yes
aarisehealthcare.com,1,7,https://aarisehealthcare.com/research-compounds-supplier-guatemala-pharma-grade/,URL is unknown to Google
aarisehealthcare.com,1,8,https://aarisehealthcare.com/research-compounds-supplier-spain-pharma-grade/,Yes
aarisehealthcare.com,1,9,https://aarisehealthcare.com/research-compounds-supplier-germany-pharma-grade/,Yes
aarisehealthcare.com,1,10,https://aarisehealthcare.com/research-compounds-supplier-netherlands-pharma-grade/,URL is unknown to Google
aarisehealthcare.com,2,11,https://aarisehealthcare.com/research-compounds-supplier-poland-pharma-grade/,Yes
aarisehealthcare.com,2,12,https://aarisehealthcare.com/research-compounds-supplier-turkey-pharma-grade/,URL is unknown to Google
aarisehealthcare.com,2,13,https://aarisehealthcare.com/research-compounds-supplier-russia-pharma-grade/,URL is unknown to Google
aarisehealthcare.com,2,14,https://aarisehealthcare.com/research-compounds-supplier-south-korea-pharma-grade/,Yes
aarisehealthcare.com,2,15,https://aarisehealthcare.com/research-compounds-supplier-vietnam-pharma-grade/,Yes
aarisehealthcare.com,2,16,https://aarisehealthcare.com/research-compounds-supplier-canada-pharma-grade/,Yes
aarisepharma.com,1,1,https://aarisepharma.com/pharma-api-export-markets/,Yes
aarisepharma.com,1,2,https://aarisepharma.com/api/,Yes
aarisepharma.com,1,3,https://aarisepharma.com/how-to-import-pharmaceutical-apis-in-brazil/,Yes
aarisepharma.com,1,4,https://aarisepharma.com/how-to-import-pharmaceutical-apis-in-argentina/,Yes
aarisepharma.com,1,5,https://aarisepharma.com/how-to-import-pharmaceutical-apis-in-chile/,Yes
aarisepharma.com,1,6,https://aarisepharma.com/how-to-import-pharmaceutical-apis-in-colombia/,Yes
aarisepharma.com,1,7,https://aarisepharma.com/how-to-import-pharmaceutical-apis-in-ecuador/,Yes
aarisepharma.com,1,8,https://aarisepharma.com/pharmaceutical-api-supplier-guatemala-import-sourcing-guide/,Yes
aarisepharma.com,1,9,https://aarisepharma.com/pharmaceutical-api-supplier-spain-import-sourcing-guide/,URL is unknown to Google
aarisepharma.com,1,10,https://aarisepharma.com/pharmaceutical-api-supplier-germany-import-sourcing-guide/,Yes
aarisepharma.com,2,11,https://aarisepharma.com/pharmaceutical-api-supplier-poland-import-sourcing-guide/,Yes
aarisepharma.com,2,12,https://aarisepharma.com/pharmaceutical-api-supplier-turkey-import-sourcing-guide/,Yes
aarisepharma.com,2,13,https://aarisepharma.com/pharmaceutical-api-supplier-south-korea-import-sourcing-guide/,Yes
aarisepharma.com,2,14,https://aarisepharma.com/pharmaceutical-api-supplier-vietnam-import-sourcing-guide/,Yes
aarisepharma.com,2,15,https://aarisepharma.com/pharmaceutical-api-supplier-canada-import-sourcing-guide/,Yes
aarisepharma.com,2,16,https://aarisepharma.com/pharmaceutical-api-supplier-russia-import-sourcing-guide/,Yes
aarisepharma.com,2,17,https://aarisepharma.com/pharmaceutical-api-supplier-netherlands-import-sourcing-guide/,URL is unknown to Google
aarisepharma.com,2,18,https://aarisepharma.com/buy-steroid-api-ecuador-wholesale-pricing-guide/,URL is unknown to Google
aarisepharma.com,2,19,https://aarisepharma.com/steroid-raw-material-manufacturer-ecuador-product-catalog/,URL is unknown to Google
aarisepharma.com,2,20,https://aarisepharma.com/buy-peptide-api-ecuador-wholesale-pricing-guide/,URL is unknown to Google
aarisepharma.com,3,21,https://aarisepharma.com/peptide-raw-material-manufacturer-ecuador-product-catalog/,URL is unknown to Google
aarisepharma.com,3,22,https://aarisepharma.com/buy-pharma-api-ecuador-wholesale-pricing-guide/,Yes
aarisepharma.com,3,23,https://aarisepharma.com/pharma-raw-material-manufacturer-ecuador-product-catalog/,URL is unknown to Google
aarisepharma.com,3,24,https://aarisepharma.com/buy-hormone-api-ecuador-wholesale-pricing-guide/,Yes
aarisepharma.com,3,25,https://aarisepharma.com/hormone-raw-material-manufacturer-ecuador-product-catalog/,Crawled - currently not indexed
aarisepharma.com,3,26,https://aarisepharma.com/buy-steroid-api-colombia-wholesale-pricing-guide/,Yes
aarisepharma.com,3,27,https://aarisepharma.com/steroid-raw-material-manufacturer-colombia-product-catalog/,Yes
aarisepharma.com,3,28,https://aarisepharma.com/buy-peptide-api-colombia-wholesale-pricing-guide/,Yes
aarisepharma.com,3,29,https://aarisepharma.com/peptide-raw-material-manufacturer-colombia-product-catalog/,Yes
aarisepharma.com,3,30,https://aarisepharma.com/buy-pharma-api-colombia-wholesale-pricing-guide/,Yes
aarisepharma.com,4,31,https://aarisepharma.com/pharma-raw-material-manufacturer-colombia-product-catalog/,Yes
aarisepharma.com,4,32,https://aarisepharma.com/buy-hormone-api-colombia-wholesale-pricing-guide/,Yes
aarisepharma.com,4,33,https://aarisepharma.com/hormone-raw-material-manufacturer-colombia-product-catalog/,Yes
aarisepharma.com,4,34,https://aarisepharma.com/buy-steroid-api-chile-wholesale-pricing-guide/,Yes
aarisepharma.com,4,35,https://aarisepharma.com/steroid-raw-material-manufacturer-chile-product-catalog/,Yes
aarisepharma.com,4,36,https://aarisepharma.com/buy-peptide-api-chile-wholesale-pricing-guide/,URL is unknown to Google
aarisepharma.com,4,37,https://aarisepharma.com/peptide-raw-material-manufacturer-chile-product-catalog/,Yes
aarisepharma.com,4,38,https://aarisepharma.com/buy-pharma-api-chile-wholesale-pricing-guide/,URL is unknown to Google
aarisepharma.com,4,39,https://aarisepharma.com/pharma-raw-material-manufacturer-chile-product-catalog/,URL is unknown to Google
aarisepharma.com,4,40,https://aarisepharma.com/buy-hormone-api-chile-wholesale-pricing-guide/,URL is unknown to Google
aarisepharma.com,5,41,https://aarisepharma.com/hormone-raw-material-manufacturer-chile-product-catalog/,URL is unknown to Google
aarisepharma.com,5,42,https://aarisepharma.com/buy-steroid-api-brazil-wholesale-pricing-guide/,URL is unknown to Google
aarisepharma.com,5,43,https://aarisepharma.com/steroid-raw-material-manufacturer-brazil-product-catalog/,URL is unknown to Google
aarisepharma.com,5,44,https://aarisepharma.com/buy-peptide-api-brazil-wholesale-pricing-guide/,URL is unknown to Google
aarisepharma.com,5,45,https://aarisepharma.com/peptide-raw-material-manufacturer-brazil-product-catalog/,URL is unknown to Google
aarisepharma.com,5,46,https://aarisepharma.com/buy-pharma-api-brazil-wholesale-pricing-guide/,URL is unknown to Google
aarisepharma.com,5,47,https://aarisepharma.com/pharma-raw-material-manufacturer-brazil-product-catalog/,URL is unknown to Google
aarisepharma.com,5,48,https://aarisepharma.com/buy-hormone-api-brazil-wholesale-pricing-guide/,URL is unknown to Google
aarisepharma.com,5,49,https://aarisepharma.com/hormone-raw-material-manufacturer-brazil-product-catalog/,URL is unknown to Google
aarisepharma.com,5,50,https://aarisepharma.com/buy-steroid-api-argentina-wholesale-pricing-guide/,URL is unknown to Google
aarisepharma.com,6,51,https://aarisepharma.com/steroid-raw-material-manufacturer-argentina-product-catalog/,URL is unknown to Google
aarisepharma.com,6,52,https://aarisepharma.com/buy-peptide-api-argentina-wholesale-pricing-guide/,URL is unknown to Google
aarisepharma.com,6,53,https://aarisepharma.com/peptide-raw-material-manufacturer-argentina-product-catalog/,URL is unknown to Google
aarisepharma.com,6,54,https://aarisepharma.com/buy-pharma-api-argentina-wholesale-pricing-guide/,URL is unknown to Google
aarisepharma.com,6,55,https://aarisepharma.com/pharma-raw-material-manufacturer-argentina-product-catalog/,Yes
aarisepharma.com,6,56,https://aarisepharma.com/buy-hormone-api-argentina-wholesale-pricing-guide/,URL is unknown to Google
aarisepharma.com,6,57,https://aarisepharma.com/hormone-raw-material-manufacturer-argentina-product-catalog/,Yes
aarisepharma.com,6,58,https://aarisepharma.com/buy-steroid-api-guatemala-wholesale-pricing-guide/,URL is unknown to Google
aarisepharma.com,6,59,https://aarisepharma.com/steroid-raw-material-manufacturer-guatemala-product-catalog/,URL is unknown to Google
aarisepharma.com,6,60,https://aarisepharma.com/buy-peptide-api-guatemala-wholesale-pricing-guide/,URL is unknown to Google
aarisepharma.com,7,61,https://aarisepharma.com/peptide-raw-material-manufacturer-guatemala-product-catalog/,URL is unknown to Google
aarisepharma.com,7,62,https://aarisepharma.com/buy-pharma-api-guatemala-wholesale-pricing-guide/,URL is unknown to Google
aarisepharma.com,7,63,https://aarisepharma.com/pharma-raw-material-manufacturer-guatemala-product-catalog/,URL is unknown to Google
aarisepharma.com,7,64,https://aarisepharma.com/buy-hormone-api-guatemala-wholesale-pricing-guide/,URL is unknown to Google
aarisepharma.com,7,65,https://aarisepharma.com/hormone-raw-material-manufacturer-guatemala-product-catalog/,URL is unknown to Google
aarisepharma.com,7,66,https://aarisepharma.com/buy-steroid-api-spain-wholesale-pricing-guide/,URL is unknown to Google
aarisepharma.com,7,67,https://aarisepharma.com/steroid-raw-material-manufacturer-spain-product-catalog/,URL is unknown to Google
aarisepharma.com,7,68,https://aarisepharma.com/buy-peptide-api-spain-wholesale-pricing-guide/,URL is unknown to Google
aarisepharma.com,7,69,https://aarisepharma.com/peptide-raw-material-manufacturer-spain-product-catalog/,URL is unknown to Google
aarisepharma.com,7,70,https://aarisepharma.com/buy-pharma-api-spain-wholesale-pricing-guide/,URL is unknown to Google
aarisepharma.com,8,71,https://aarisepharma.com/pharma-raw-material-manufacturer-spain-product-catalog/,URL is unknown to Google
aarisepharma.com,8,72,https://aarisepharma.com/buy-hormone-api-spain-wholesale-pricing-guide/,URL is unknown to Google
aarisepharma.com,8,73,https://aarisepharma.com/hormone-raw-material-manufacturer-spain-product-catalog/,URL is unknown to Google
aarisepharma.com,8,74,https://aarisepharma.com/buy-steroid-api-germany-wholesale-pricing-guide/,URL is unknown to Google
aarisepharma.com,8,75,https://aarisepharma.com/steroid-raw-material-manufacturer-germany-product-catalog/,URL is unknown to Google
aarisepharma.com,8,76,https://aarisepharma.com/buy-peptide-api-germany-wholesale-pricing-guide/,URL is unknown to Google
aarisepharma.com,8,77,https://aarisepharma.com/peptide-raw-material-manufacturer-germany-product-catalog/,URL is unknown to Google
aarisepharma.com,8,78,https://aarisepharma.com/buy-pharma-api-germany-wholesale-pricing-guide/,URL is unknown to Google
aarisepharma.com,8,79,https://aarisepharma.com/pharma-raw-material-manufacturer-germany-product-catalog/,URL is unknown to Google
aarisepharma.com,8,80,https://aarisepharma.com/buy-hormone-api-germany-wholesale-pricing-guide/,URL is unknown to Google
aarisepharma.com,9,81,https://aarisepharma.com/hormone-raw-material-manufacturer-germany-product-catalog/,URL is unknown to Google
aarisepharma.com,9,82,https://aarisepharma.com/buy-steroid-api-poland-wholesale-pricing-guide/,URL is unknown to Google
aarisepharma.com,9,83,https://aarisepharma.com/steroid-raw-material-manufacturer-poland-product-catalog/,URL is unknown to Google
aarisepharma.com,9,84,https://aarisepharma.com/buy-peptide-api-poland-wholesale-pricing-guide/,URL is unknown to Google
aarisepharma.com,9,85,https://aarisepharma.com/peptide-raw-material-manufacturer-poland-product-catalog/,URL is unknown to Google
aarisepharma.com,9,86,https://aarisepharma.com/buy-pharma-api-poland-wholesale-pricing-guide/,URL is unknown to Google
aarisepharma.com,9,87,https://aarisepharma.com/pharma-raw-material-manufacturer-poland-product-catalog/,URL is unknown to Google
aarisepharma.com,9,88,https://aarisepharma.com/buy-hormone-api-poland-wholesale-pricing-guide/,URL is unknown to Google
aarisepharma.com,9,89,https://aarisepharma.com/hormone-raw-material-manufacturer-poland-product-catalog/,URL is unknown to Google
aarisepharma.com,9,90,https://aarisepharma.com/buy-steroid-api-turkey-wholesale-pricing-guide/,Yes
aarisepharma.com,10,91,https://aarisepharma.com/steroid-raw-material-manufacturer-turkey-product-catalog/,Yes
aarisepharma.com,10,92,https://aarisepharma.com/buy-peptide-api-turkey-wholesale-pricing-guide/,Yes
aarisepharma.com,10,93,https://aarisepharma.com/peptide-raw-material-manufacturer-turkey-product-catalog/,URL is unknown to Google
aarisepharma.com,10,94,https://aarisepharma.com/buy-pharma-api-turkey-wholesale-pricing-guide/,URL is unknown to Google
aarisepharma.com,10,95,https://aarisepharma.com/pharma-raw-material-manufacturer-turkey-product-catalog/,URL is unknown to Google
aarisepharma.com,10,96,https://aarisepharma.com/buy-hormone-api-turkey-wholesale-pricing-guide/,Yes
aarisepharma.com,10,97,https://aarisepharma.com/hormone-raw-material-manufacturer-turkey-product-catalog/,URL is unknown to Google
aarisepharma.com,10,98,https://aarisepharma.com/buy-steroid-api-south-korea-wholesale-pricing-guide/,URL is unknown to Google
aarisepharma.com,10,99,https://aarisepharma.com/steroid-raw-material-manufacturer-south-korea-product-catalog/,URL is unknown to Google
aarisepharma.com,10,100,https://aarisepharma.com/buy-peptide-api-south-korea-wholesale-pricing-guide/,URL is unknown to Google
aarisepharma.com,11,101,https://aarisepharma.com/peptide-raw-material-manufacturer-south-korea-product-catalog/,URL is unknown to Google
aarisepharma.com,11,102,https://aarisepharma.com/buy-pharma-api-south-korea-wholesale-pricing-guide/,URL is unknown to Google
aarisepharma.com,11,103,https://aarisepharma.com/pharma-raw-material-manufacturer-south-korea-product-catalog/,URL is unknown to Google
aarisepharma.com,11,104,https://aarisepharma.com/buy-hormone-api-south-korea-wholesale-pricing-guide/,URL is unknown to Google
aarisepharma.com,11,105,https://aarisepharma.com/hormone-raw-material-manufacturer-south-korea-product-catalog/,URL is unknown to Google
aarisepharma.com,11,106,https://aarisepharma.com/buy-steroid-api-vietnam-wholesale-pricing-guide/,URL is unknown to Google
aarisepharma.com,11,107,https://aarisepharma.com/steroid-raw-material-manufacturer-vietnam-product-catalog/,URL is unknown to Google
aarisepharma.com,11,108,https://aarisepharma.com/buy-peptide-api-vietnam-wholesale-pricing-guide/,URL is unknown to Google
aarisepharma.com,11,109,https://aarisepharma.com/peptide-raw-material-manufacturer-vietnam-product-catalog/,URL is unknown to Google
aarisepharma.com,11,110,https://aarisepharma.com/buy-pharma-api-vietnam-wholesale-pricing-guide/,URL is unknown to Google
aarisepharma.com,12,111,https://aarisepharma.com/pharma-raw-material-manufacturer-vietnam-product-catalog/,URL is unknown to Google
aarisepharma.com,12,112,https://aarisepharma.com/buy-hormone-api-vietnam-wholesale-pricing-guide/,URL is unknown to Google
aarisepharma.com,12,113,https://aarisepharma.com/hormone-raw-material-manufacturer-vietnam-product-catalog/,URL is unknown to Google
aarisepharma.com,12,114,https://aarisepharma.com/buy-steroid-api-canada-wholesale-pricing-guide/,URL is unknown to Google
aarisepharma.com,12,115,https://aarisepharma.com/steroid-raw-material-manufacturer-canada-product-catalog/,URL is unknown to Google
aarisepharma.com,12,116,https://aarisepharma.com/buy-peptide-api-canada-wholesale-pricing-guide/,URL is unknown to Google
aarisepharma.com,12,117,https://aarisepharma.com/peptide-raw-material-manufacturer-canada-product-catalog/,Yes
aarisepharma.com,12,118,https://aarisepharma.com/buy-pharma-api-canada-wholesale-pricing-guide/,URL is unknown to Google
aarisepharma.com,12,119,https://aarisepharma.com/pharma-raw-material-manufacturer-canada-product-catalog/,URL is unknown to Google
aarisepharma.com,12,120,https://aarisepharma.com/buy-hormone-api-canada-wholesale-pricing-guide/,URL is unknown to Google
aarisepharma.com,13,121,https://aarisepharma.com/hormone-raw-material-manufacturer-canada-product-catalog/,Yes
aarisepharma.com,13,122,https://aarisepharma.com/buy-steroid-api-russia-wholesale-pricing-guide/,URL is unknown to Google
aarisepharma.com,13,123,https://aarisepharma.com/steroid-raw-material-manufacturer-russia-product-catalog/,URL is unknown to Google
aarisepharma.com,13,124,https://aarisepharma.com/buy-peptide-api-russia-wholesale-pricing-guide/,Yes
aarisepharma.com,13,125,https://aarisepharma.com/peptide-raw-material-manufacturer-russia-product-catalog/,URL is unknown to Google
aarisepharma.com,13,126,https://aarisepharma.com/buy-pharma-api-russia-wholesale-pricing-guide/,Yes
aarisepharma.com,13,127,https://aarisepharma.com/pharma-raw-material-manufacturer-russia-product-catalog/,Yes
aarisepharma.com,13,128,https://aarisepharma.com/buy-hormone-api-russia-wholesale-pricing-guide/,Yes
aarisepharma.com,13,129,https://aarisepharma.com/hormone-raw-material-manufacturer-russia-product-catalog/,"Duplicate, Google chose different canonical than user"
aarisepharma.com,13,130,https://aarisepharma.com/buy-steroid-api-netherlands-wholesale-pricing-guide/,URL is unknown to Google
aarisepharma.com,14,131,https://aarisepharma.com/steroid-raw-material-manufacturer-netherlands-product-catalog/,URL is unknown to Google
aarisepharma.com,14,132,https://aarisepharma.com/buy-peptide-api-netherlands-wholesale-pricing-guide/,URL is unknown to Google
aarisepharma.com,14,133,https://aarisepharma.com/peptide-raw-material-manufacturer-netherlands-product-catalog/,URL is unknown to Google
aarisepharma.com,14,134,https://aarisepharma.com/buy-pharma-api-netherlands-wholesale-pricing-guide/,Yes
aarisepharma.com,14,135,https://aarisepharma.com/pharma-raw-material-manufacturer-netherlands-product-catalog/,Yes
aarisepharma.com,14,136,https://aarisepharma.com/buy-hormone-api-netherlands-wholesale-pricing-guide/,Yes
aarisepharma.com,14,137,https://aarisepharma.com/hormone-raw-material-manufacturer-netherlands-product-catalog/,URL is unknown to Google
aarisepharma.com,15,1,https://aarisepharma.com/who-gmp-us-dmf-cep-what-api-certifications-actually-mean/,NOT YET CHECKED (published 2026-07-31/08-01)
aarisepharma.com,15,2,https://aarisepharma.com/how-long-api-import-from-india-actually-takes/,NOT YET CHECKED (published 2026-07-31/08-01)
aarisepharma.com,15,3,https://aarisepharma.com/importing-pharmaceutical-apis-into-brazil-buyers-guide/,NOT YET CHECKED (published 2026-07-31/08-01)
aarisepharma.com,15,4,https://aarisepharma.com/importing-pharmaceutical-apis-into-argentina-buyers-guide/,NOT YET CHECKED (published 2026-07-31/08-01)
aarisepharma.com,15,5,https://aarisepharma.com/importing-pharmaceutical-apis-into-chile-buyers-guide/,NOT YET CHECKED (published 2026-07-31/08-01)
aarisepharma.com,15,6,https://aarisepharma.com/importing-pharmaceutical-apis-into-colombia-buyers-guide/,NOT YET CHECKED (published 2026-07-31/08-01)
aarisepharma.com,15,7,https://aarisepharma.com/importing-pharmaceutical-apis-into-ecuador-buyers-guide/,NOT YET CHECKED (published 2026-07-31/08-01)
aarisepharma.com,15,8,https://aarisepharma.com/importing-pharmaceutical-apis-into-guatemala-buyers-guide/,NOT YET CHECKED (published 2026-07-31/08-01)
aarisepharma.com,15,9,https://aarisepharma.com/importing-pharmaceutical-apis-into-spain-buyers-guide/,NOT YET CHECKED (published 2026-07-31/08-01)
aarisepharma.com,15,10,https://aarisepharma.com/importing-pharmaceutical-apis-into-germany-buyers-guide/,NOT YET CHECKED (published 2026-07-31/08-01)
aarisepharma.com,16,1,https://aarisepharma.com/importing-pharmaceutical-apis-into-poland-buyers-guide/,NOT YET CHECKED (published 2026-07-31/08-01)
aarisepharma.com,16,2,https://aarisepharma.com/importing-pharmaceutical-apis-into-turkey-buyers-guide/,NOT YET CHECKED (published 2026-07-31/08-01)
aarisepharma.com,16,3,https://aarisepharma.com/importing-pharmaceutical-apis-into-south-korea-buyers-guide/,NOT YET CHECKED (published 2026-07-31/08-01)
aarisepharma.com,16,4,https://aarisepharma.com/importing-pharmaceutical-apis-into-vietnam-buyers-guide/,NOT YET CHECKED (published 2026-07-31/08-01)
aarisepharma.com,16,5,https://aarisepharma.com/importing-pharmaceutical-apis-into-canada-buyers-guide/,NOT YET CHECKED (published 2026-07-31/08-01)
aarisepharma.com,16,6,https://aarisepharma.com/importing-pharmaceutical-apis-into-russia-buyers-guide/,NOT YET CHECKED (published 2026-07-31/08-01)
aarisepharma.com,16,7,https://aarisepharma.com/importing-pharmaceutical-apis-into-netherlands-buyers-guide/,NOT YET CHECKED (published 2026-07-31/08-01)
aarisehealthcare.com,16,8,https://aarisehealthcare.com/what-a-certificate-of-analysis-should-actually-tell-you-before-you-buy-a-research-compound/,NOT YET CHECKED (published 2026-07-31/08-01)
aarisehealthcare.com,16,9,https://aarisehealthcare.com/research-use-only-what-the-label-actually-means/,NOT YET CHECKED (published 2026-07-31/08-01)
aarisehealthcare.com,16,10,https://aarisehealthcare.com/sourcing-research-compounds-from-india-brazil-buyers-guide/,NOT YET CHECKED (published 2026-07-31/08-01)
aarisehealthcare.com,17,1,https://aarisehealthcare.com/sourcing-research-compounds-from-india-argentina-buyers-guide/,NOT YET CHECKED (published 2026-07-31/08-01)
aarisehealthcare.com,17,2,https://aarisehealthcare.com/sourcing-research-compounds-from-india-chile-buyers-guide/,NOT YET CHECKED (published 2026-07-31/08-01)
aarisehealthcare.com,17,3,https://aarisehealthcare.com/sourcing-research-compounds-from-india-colombia-buyers-guide/,NOT YET CHECKED (published 2026-07-31/08-01)
aarisehealthcare.com,17,4,https://aarisehealthcare.com/sourcing-research-compounds-from-india-ecuador-buyers-guide/,NOT YET CHECKED (published 2026-07-31/08-01)
aarisehealthcare.com,17,5,https://aarisehealthcare.com/sourcing-research-compounds-from-india-guatemala-buyers-guide/,NOT YET CHECKED (published 2026-07-31/08-01)
aarisehealthcare.com,17,6,https://aarisehealthcare.com/sourcing-research-compounds-from-india-spain-buyers-guide/,NOT YET CHECKED (published 2026-07-31/08-01)
aarisehealthcare.com,17,7,https://aarisehealthcare.com/sourcing-research-compounds-from-india-germany-buyers-guide/,NOT YET CHECKED (published 2026-07-31/08-01)
aarisehealthcare.com,17,8,https://aarisehealthcare.com/sourcing-research-compounds-from-india-poland-buyers-guide/,NOT YET CHECKED (published 2026-07-31/08-01)
aarisehealthcare.com,17,9,https://aarisehealthcare.com/sourcing-research-compounds-from-india-turkey-buyers-guide/,NOT YET CHECKED (published 2026-07-31/08-01)
aarisehealthcare.com,17,10,https://aarisehealthcare.com/sourcing-research-compounds-from-india-south-korea-buyers-guide/,NOT YET CHECKED (published 2026-07-31/08-01)
aarisehealthcare.com,18,1,https://aarisehealthcare.com/sourcing-research-compounds-from-india-vietnam-buyers-guide/,NOT YET CHECKED (published 2026-07-31/08-01)
aarisehealthcare.com,18,2,https://aarisehealthcare.com/sourcing-research-compounds-from-india-canada-buyers-guide/,NOT YET CHECKED (published 2026-07-31/08-01)
aarisehealthcare.com,18,3,https://aarisehealthcare.com/sourcing-research-compounds-from-india-russia-buyers-guide/,NOT YET CHECKED (published 2026-07-31/08-01)
aarisehealthcare.com,18,4,https://aarisehealthcare.com/sourcing-research-compounds-from-india-netherlands-buyers-guide/,NOT YET CHECKED (published 2026-07-31/08-01)
