Site,Page Type,Date Published,Title,URL
aarisehealthcare.com,Supporting page,2026-07-27,Research Compounds Supplier Network — Where Aarise Healthcare Ships,https://aarisehealthcare.com/research-compounds-supplier-network/
aarisehealthcare.com,Tier-1 country hub,2026-07-27,Research Compounds Supplier for Netherlands — Pharma Grade with COA,https://aarisehealthcare.com/research-compounds-supplier-netherlands-pharma-grade/
aarisehealthcare.com,Tier-1 country hub,2026-07-27,Research Compounds Supplier for Russia — Pharma Grade with COA,https://aarisehealthcare.com/research-compounds-supplier-russia-pharma-grade/
aarisehealthcare.com,Tier-1 country hub,2026-07-27,Research Compounds Supplier for Canada — Pharma Grade with COA,https://aarisehealthcare.com/research-compounds-supplier-canada-pharma-grade/
aarisehealthcare.com,Tier-1 country hub,2026-07-27,Research Compounds Supplier for Vietnam — Pharma Grade with COA,https://aarisehealthcare.com/research-compounds-supplier-vietnam-pharma-grade/
aarisehealthcare.com,Tier-1 country hub,2026-07-27,Research Compounds Supplier for South Korea — Pharma Grade with COA,https://aarisehealthcare.com/research-compounds-supplier-south-korea-pharma-grade/
aarisehealthcare.com,Tier-1 country hub,2026-07-27,Research Compounds Supplier for Turkey — Pharma Grade with COA,https://aarisehealthcare.com/research-compounds-supplier-turkey-pharma-grade/
aarisehealthcare.com,Tier-1 country hub,2026-07-27,Research Compounds Supplier for Poland — Pharma Grade with COA,https://aarisehealthcare.com/research-compounds-supplier-poland-pharma-grade/
aarisehealthcare.com,Tier-1 country hub,2026-07-27,Research Compounds Supplier for Germany — Pharma Grade with COA,https://aarisehealthcare.com/research-compounds-supplier-germany-pharma-grade/
aarisehealthcare.com,Tier-1 country hub,2026-07-27,Research Compounds Supplier for Spain — Pharma Grade with COA,https://aarisehealthcare.com/research-compounds-supplier-spain-pharma-grade/
aarisehealthcare.com,Tier-1 country hub,2026-07-27,Research Compounds Supplier for Ecuador — Pharma Grade with COA,https://aarisehealthcare.com/research-compounds-supplier-ecuador-pharma-grade/
aarisehealthcare.com,Tier-1 country hub,2026-07-27,Research Compounds Supplier for Guatemala — Pharma Grade with COA,https://aarisehealthcare.com/research-compounds-supplier-guatemala-pharma-grade/
aarisehealthcare.com,Tier-1 country hub,2026-07-27,Research Compounds Supplier for Argentina — Pharma Grade with COA,https://aarisehealthcare.com/research-compounds-supplier-argentina-pharma-grade/
aarisehealthcare.com,Tier-1 country hub,2026-07-27,Research Compounds Supplier for Chile — Pharma Grade with COA,https://aarisehealthcare.com/research-compounds-supplier-chile-pharma-grade/
aarisehealthcare.com,Tier-1 country hub,2026-07-27,Research Compounds Supplier for Colombia — Pharma Grade with COA,https://aarisehealthcare.com/research-compounds-supplier-colombia-pharma-grade/
aarisehealthcare.com,Tier-1 country hub,2026-07-27,Research Compounds Supplier for Brazil — Pharma Grade with COA,https://aarisehealthcare.com/research-compounds-supplier-brazil-pharma-grade/
aarisepharma.com,Tier-2/3 depth page,2026-07-27,Hormone API Manufacturer for Netherlands — Product Catalog &#038; Specifications,https://aarisepharma.com/hormone-raw-material-manufacturer-netherlands-product-catalog/
aarisepharma.com,Tier-2/3 depth page,2026-07-27,Buy Hormone API in Netherlands — Wholesale Pricing &#038; Import Guide,https://aarisepharma.com/buy-hormone-api-netherlands-wholesale-pricing-guide/
aarisepharma.com,Tier-2/3 depth page,2026-07-27,Pharmaceutical API Manufacturer for Netherlands — Product Catalog &#038; Specifications,https://aarisepharma.com/pharma-raw-material-manufacturer-netherlands-product-catalog/
aarisepharma.com,Tier-2/3 depth page,2026-07-27,Buy Pharmaceutical API in Netherlands — Wholesale Pricing &#038; Import Guide,https://aarisepharma.com/buy-pharma-api-netherlands-wholesale-pricing-guide/
aarisepharma.com,Tier-2/3 depth page,2026-07-27,Peptide API Manufacturer for Netherlands — Product Catalog &#038; Specifications,https://aarisepharma.com/peptide-raw-material-manufacturer-netherlands-product-catalog/
aarisepharma.com,Tier-2/3 depth page,2026-07-27,Buy Peptide API in Netherlands — Wholesale Pricing &#038; Import Guide,https://aarisepharma.com/buy-peptide-api-netherlands-wholesale-pricing-guide/
aarisepharma.com,Tier-2/3 depth page,2026-07-27,Steroid API Manufacturer for Netherlands — Product Catalog &#038; Specifications,https://aarisepharma.com/steroid-raw-material-manufacturer-netherlands-product-catalog/
aarisepharma.com,Tier-2/3 depth page,2026-07-27,Buy Steroid API in Netherlands — Wholesale Pricing &#038; Import Guide,https://aarisepharma.com/buy-steroid-api-netherlands-wholesale-pricing-guide/
aarisepharma.com,Tier-2/3 depth page,2026-07-27,Hormone API Manufacturer for Russia — Product Catalog &#038; Specifications,https://aarisepharma.com/hormone-raw-material-manufacturer-russia-product-catalog/
aarisepharma.com,Tier-2/3 depth page,2026-07-27,Buy Hormone API in Russia — Wholesale Pricing &#038; Import Guide,https://aarisepharma.com/buy-hormone-api-russia-wholesale-pricing-guide/
aarisepharma.com,Tier-2/3 depth page,2026-07-27,Pharmaceutical API Manufacturer for Russia — Product Catalog &#038; Specifications,https://aarisepharma.com/pharma-raw-material-manufacturer-russia-product-catalog/
aarisepharma.com,Tier-2/3 depth page,2026-07-27,Buy Pharmaceutical API in Russia — Wholesale Pricing &#038; Import Guide,https://aarisepharma.com/buy-pharma-api-russia-wholesale-pricing-guide/
aarisepharma.com,Tier-2/3 depth page,2026-07-27,Peptide API Manufacturer for Russia — Product Catalog &#038; Specifications,https://aarisepharma.com/peptide-raw-material-manufacturer-russia-product-catalog/
aarisepharma.com,Tier-2/3 depth page,2026-07-27,Buy Peptide API in Russia — Wholesale Pricing &#038; Import Guide,https://aarisepharma.com/buy-peptide-api-russia-wholesale-pricing-guide/
aarisepharma.com,Tier-2/3 depth page,2026-07-27,Steroid API Manufacturer for Russia — Product Catalog &#038; Specifications,https://aarisepharma.com/steroid-raw-material-manufacturer-russia-product-catalog/
aarisepharma.com,Tier-2/3 depth page,2026-07-27,Buy Steroid API in Russia — Wholesale Pricing &#038; Import Guide,https://aarisepharma.com/buy-steroid-api-russia-wholesale-pricing-guide/
aarisepharma.com,Tier-2/3 depth page,2026-07-27,Hormone API Manufacturer for Canada — Product Catalog &#038; Specifications,https://aarisepharma.com/hormone-raw-material-manufacturer-canada-product-catalog/
aarisepharma.com,Tier-2/3 depth page,2026-07-27,Buy Hormone API in Canada — Wholesale Pricing &#038; Import Guide,https://aarisepharma.com/buy-hormone-api-canada-wholesale-pricing-guide/
aarisepharma.com,Tier-2/3 depth page,2026-07-27,Pharmaceutical API Manufacturer for Canada — Product Catalog &#038; Specifications,https://aarisepharma.com/pharma-raw-material-manufacturer-canada-product-catalog/
aarisepharma.com,Tier-2/3 depth page,2026-07-27,Buy Pharmaceutical API in Canada — Wholesale Pricing &#038; Import Guide,https://aarisepharma.com/buy-pharma-api-canada-wholesale-pricing-guide/
aarisepharma.com,Tier-2/3 depth page,2026-07-27,Peptide API Manufacturer for Canada — Product Catalog &#038; Specifications,https://aarisepharma.com/peptide-raw-material-manufacturer-canada-product-catalog/
aarisepharma.com,Tier-2/3 depth page,2026-07-27,Buy Peptide API in Canada — Wholesale Pricing &#038; Import Guide,https://aarisepharma.com/buy-peptide-api-canada-wholesale-pricing-guide/
aarisepharma.com,Tier-2/3 depth page,2026-07-27,Steroid API Manufacturer for Canada — Product Catalog &#038; Specifications,https://aarisepharma.com/steroid-raw-material-manufacturer-canada-product-catalog/
aarisepharma.com,Tier-2/3 depth page,2026-07-27,Buy Steroid API in Canada — Wholesale Pricing &#038; Import Guide,https://aarisepharma.com/buy-steroid-api-canada-wholesale-pricing-guide/
aarisepharma.com,Tier-2/3 depth page,2026-07-27,Hormone API Manufacturer for Vietnam — Product Catalog &#038; Specifications,https://aarisepharma.com/hormone-raw-material-manufacturer-vietnam-product-catalog/
aarisepharma.com,Tier-2/3 depth page,2026-07-27,Buy Hormone API in Vietnam — Wholesale Pricing &#038; Import Guide,https://aarisepharma.com/buy-hormone-api-vietnam-wholesale-pricing-guide/
aarisepharma.com,Tier-2/3 depth page,2026-07-27,Pharmaceutical API Manufacturer for Vietnam — Product Catalog &#038; Specifications,https://aarisepharma.com/pharma-raw-material-manufacturer-vietnam-product-catalog/
aarisepharma.com,Tier-2/3 depth page,2026-07-27,Buy Pharmaceutical API in Vietnam — Wholesale Pricing &#038; Import Guide,https://aarisepharma.com/buy-pharma-api-vietnam-wholesale-pricing-guide/
aarisepharma.com,Tier-2/3 depth page,2026-07-27,Peptide API Manufacturer for Vietnam — Product Catalog &#038; Specifications,https://aarisepharma.com/peptide-raw-material-manufacturer-vietnam-product-catalog/
aarisepharma.com,Tier-2/3 depth page,2026-07-27,Buy Peptide API in Vietnam — Wholesale Pricing &#038; Import Guide,https://aarisepharma.com/buy-peptide-api-vietnam-wholesale-pricing-guide/
aarisepharma.com,Tier-2/3 depth page,2026-07-27,Steroid API Manufacturer for Vietnam — Product Catalog &#038; Specifications,https://aarisepharma.com/steroid-raw-material-manufacturer-vietnam-product-catalog/
aarisepharma.com,Tier-2/3 depth page,2026-07-27,Buy Steroid API in Vietnam — Wholesale Pricing &#038; Import Guide,https://aarisepharma.com/buy-steroid-api-vietnam-wholesale-pricing-guide/
aarisepharma.com,Tier-2/3 depth page,2026-07-27,Hormone API Manufacturer for South Korea — Product Catalog &#038; Specifications,https://aarisepharma.com/hormone-raw-material-manufacturer-south-korea-product-catalog/
aarisepharma.com,Tier-2/3 depth page,2026-07-27,Buy Hormone API in South Korea — Wholesale Pricing &#038; Import Guide,https://aarisepharma.com/buy-hormone-api-south-korea-wholesale-pricing-guide/
aarisepharma.com,Tier-2/3 depth page,2026-07-27,Pharmaceutical API Manufacturer for South Korea — Product Catalog &#038; Specifications,https://aarisepharma.com/pharma-raw-material-manufacturer-south-korea-product-catalog/
aarisepharma.com,Tier-2/3 depth page,2026-07-27,Buy Pharmaceutical API in South Korea — Wholesale Pricing &#038; Import Guide,https://aarisepharma.com/buy-pharma-api-south-korea-wholesale-pricing-guide/
aarisepharma.com,Tier-2/3 depth page,2026-07-27,Peptide API Manufacturer for South Korea — Product Catalog &#038; Specifications,https://aarisepharma.com/peptide-raw-material-manufacturer-south-korea-product-catalog/
aarisepharma.com,Tier-2/3 depth page,2026-07-27,Buy Peptide API in South Korea — Wholesale Pricing &#038; Import Guide,https://aarisepharma.com/buy-peptide-api-south-korea-wholesale-pricing-guide/
aarisepharma.com,Tier-2/3 depth page,2026-07-27,Steroid API Manufacturer for South Korea — Product Catalog &#038; Specifications,https://aarisepharma.com/steroid-raw-material-manufacturer-south-korea-product-catalog/
aarisepharma.com,Tier-2/3 depth page,2026-07-27,Buy Steroid API in South Korea — Wholesale Pricing &#038; Import Guide,https://aarisepharma.com/buy-steroid-api-south-korea-wholesale-pricing-guide/
aarisepharma.com,Tier-2/3 depth page,2026-07-27,Hormone API Manufacturer for Turkey — Product Catalog &#038; Specifications,https://aarisepharma.com/hormone-raw-material-manufacturer-turkey-product-catalog/
aarisepharma.com,Tier-2/3 depth page,2026-07-27,Buy Hormone API in Turkey — Wholesale Pricing &#038; Import Guide,https://aarisepharma.com/buy-hormone-api-turkey-wholesale-pricing-guide/
aarisepharma.com,Tier-2/3 depth page,2026-07-27,Pharmaceutical API Manufacturer for Turkey — Product Catalog &#038; Specifications,https://aarisepharma.com/pharma-raw-material-manufacturer-turkey-product-catalog/
aarisepharma.com,Tier-2/3 depth page,2026-07-27,Buy Pharmaceutical API in Turkey — Wholesale Pricing &#038; Import Guide,https://aarisepharma.com/buy-pharma-api-turkey-wholesale-pricing-guide/
aarisepharma.com,Tier-2/3 depth page,2026-07-27,Peptide API Manufacturer for Turkey — Product Catalog &#038; Specifications,https://aarisepharma.com/peptide-raw-material-manufacturer-turkey-product-catalog/
aarisepharma.com,Tier-2/3 depth page,2026-07-27,Buy Peptide API in Turkey — Wholesale Pricing &#038; Import Guide,https://aarisepharma.com/buy-peptide-api-turkey-wholesale-pricing-guide/
aarisepharma.com,Tier-2/3 depth page,2026-07-27,Steroid API Manufacturer for Turkey — Product Catalog &#038; Specifications,https://aarisepharma.com/steroid-raw-material-manufacturer-turkey-product-catalog/
aarisepharma.com,Tier-2/3 depth page,2026-07-27,Buy Steroid API in Turkey — Wholesale Pricing &#038; Import Guide,https://aarisepharma.com/buy-steroid-api-turkey-wholesale-pricing-guide/
aarisepharma.com,Tier-2/3 depth page,2026-07-27,Hormone API Manufacturer for Poland — Product Catalog &#038; Specifications,https://aarisepharma.com/hormone-raw-material-manufacturer-poland-product-catalog/
aarisepharma.com,Tier-2/3 depth page,2026-07-27,Buy Hormone API in Poland — Wholesale Pricing &#038; Import Guide,https://aarisepharma.com/buy-hormone-api-poland-wholesale-pricing-guide/
aarisepharma.com,Tier-2/3 depth page,2026-07-27,Pharmaceutical API Manufacturer for Poland — Product Catalog &#038; Specifications,https://aarisepharma.com/pharma-raw-material-manufacturer-poland-product-catalog/
aarisepharma.com,Tier-2/3 depth page,2026-07-27,Buy Pharmaceutical API in Poland — Wholesale Pricing &#038; Import Guide,https://aarisepharma.com/buy-pharma-api-poland-wholesale-pricing-guide/
aarisepharma.com,Tier-2/3 depth page,2026-07-27,Peptide API Manufacturer for Poland — Product Catalog &#038; Specifications,https://aarisepharma.com/peptide-raw-material-manufacturer-poland-product-catalog/
aarisepharma.com,Tier-2/3 depth page,2026-07-27,Buy Peptide API in Poland — Wholesale Pricing &#038; Import Guide,https://aarisepharma.com/buy-peptide-api-poland-wholesale-pricing-guide/
aarisepharma.com,Tier-2/3 depth page,2026-07-27,Steroid API Manufacturer for Poland — Product Catalog &#038; Specifications,https://aarisepharma.com/steroid-raw-material-manufacturer-poland-product-catalog/
aarisepharma.com,Tier-2/3 depth page,2026-07-27,Buy Steroid API in Poland — Wholesale Pricing &#038; Import Guide,https://aarisepharma.com/buy-steroid-api-poland-wholesale-pricing-guide/
aarisepharma.com,Tier-2/3 depth page,2026-07-27,Hormone API Manufacturer for Germany — Product Catalog &#038; Specifications,https://aarisepharma.com/hormone-raw-material-manufacturer-germany-product-catalog/
aarisepharma.com,Tier-2/3 depth page,2026-07-27,Buy Hormone API in Germany — Wholesale Pricing &#038; Import Guide,https://aarisepharma.com/buy-hormone-api-germany-wholesale-pricing-guide/
aarisepharma.com,Tier-2/3 depth page,2026-07-27,Pharmaceutical API Manufacturer for Germany — Product Catalog &#038; Specifications,https://aarisepharma.com/pharma-raw-material-manufacturer-germany-product-catalog/
aarisepharma.com,Tier-2/3 depth page,2026-07-27,Buy Pharmaceutical API in Germany — Wholesale Pricing &#038; Import Guide,https://aarisepharma.com/buy-pharma-api-germany-wholesale-pricing-guide/
aarisepharma.com,Tier-2/3 depth page,2026-07-27,Peptide API Manufacturer for Germany — Product Catalog &#038; Specifications,https://aarisepharma.com/peptide-raw-material-manufacturer-germany-product-catalog/
aarisepharma.com,Tier-2/3 depth page,2026-07-27,Buy Peptide API in Germany — Wholesale Pricing &#038; Import Guide,https://aarisepharma.com/buy-peptide-api-germany-wholesale-pricing-guide/
aarisepharma.com,Tier-2/3 depth page,2026-07-27,Steroid API Manufacturer for Germany — Product Catalog &#038; Specifications,https://aarisepharma.com/steroid-raw-material-manufacturer-germany-product-catalog/
aarisepharma.com,Tier-2/3 depth page,2026-07-27,Buy Steroid API in Germany — Wholesale Pricing &#038; Import Guide,https://aarisepharma.com/buy-steroid-api-germany-wholesale-pricing-guide/
aarisepharma.com,Tier-2/3 depth page,2026-07-27,Hormone API Manufacturer for Spain — Product Catalog &#038; Specifications,https://aarisepharma.com/hormone-raw-material-manufacturer-spain-product-catalog/
aarisepharma.com,Tier-2/3 depth page,2026-07-27,Buy Hormone API in Spain — Wholesale Pricing &#038; Import Guide,https://aarisepharma.com/buy-hormone-api-spain-wholesale-pricing-guide/
aarisepharma.com,Tier-2/3 depth page,2026-07-27,Pharmaceutical API Manufacturer for Spain — Product Catalog &#038; Specifications,https://aarisepharma.com/pharma-raw-material-manufacturer-spain-product-catalog/
aarisepharma.com,Tier-2/3 depth page,2026-07-27,Buy Pharmaceutical API in Spain — Wholesale Pricing &#038; Import Guide,https://aarisepharma.com/buy-pharma-api-spain-wholesale-pricing-guide/
aarisepharma.com,Tier-2/3 depth page,2026-07-27,Peptide API Manufacturer for Spain — Product Catalog &#038; Specifications,https://aarisepharma.com/peptide-raw-material-manufacturer-spain-product-catalog/
aarisepharma.com,Tier-2/3 depth page,2026-07-27,Buy Peptide API in Spain — Wholesale Pricing &#038; Import Guide,https://aarisepharma.com/buy-peptide-api-spain-wholesale-pricing-guide/
aarisepharma.com,Tier-2/3 depth page,2026-07-27,Steroid API Manufacturer for Spain — Product Catalog &#038; Specifications,https://aarisepharma.com/steroid-raw-material-manufacturer-spain-product-catalog/
aarisepharma.com,Tier-2/3 depth page,2026-07-27,Buy Steroid API in Spain — Wholesale Pricing &#038; Import Guide,https://aarisepharma.com/buy-steroid-api-spain-wholesale-pricing-guide/
aarisepharma.com,Tier-2/3 depth page,2026-07-27,Hormone API Manufacturer for Guatemala — Product Catalog &#038; Specifications,https://aarisepharma.com/hormone-raw-material-manufacturer-guatemala-product-catalog/
aarisepharma.com,Tier-2/3 depth page,2026-07-27,Buy Hormone API in Guatemala — Wholesale Pricing &#038; Import Guide,https://aarisepharma.com/buy-hormone-api-guatemala-wholesale-pricing-guide/
aarisepharma.com,Tier-2/3 depth page,2026-07-27,Pharmaceutical API Manufacturer for Guatemala — Product Catalog &#038; Specifications,https://aarisepharma.com/pharma-raw-material-manufacturer-guatemala-product-catalog/
aarisepharma.com,Tier-2/3 depth page,2026-07-27,Buy Pharmaceutical API in Guatemala — Wholesale Pricing &#038; Import Guide,https://aarisepharma.com/buy-pharma-api-guatemala-wholesale-pricing-guide/
aarisepharma.com,Tier-2/3 depth page,2026-07-27,Peptide API Manufacturer for Guatemala — Product Catalog &#038; Specifications,https://aarisepharma.com/peptide-raw-material-manufacturer-guatemala-product-catalog/
aarisepharma.com,Tier-2/3 depth page,2026-07-27,Buy Peptide API in Guatemala — Wholesale Pricing &#038; Import Guide,https://aarisepharma.com/buy-peptide-api-guatemala-wholesale-pricing-guide/
aarisepharma.com,Tier-2/3 depth page,2026-07-27,Steroid API Manufacturer for Guatemala — Product Catalog &#038; Specifications,https://aarisepharma.com/steroid-raw-material-manufacturer-guatemala-product-catalog/
aarisepharma.com,Tier-2/3 depth page,2026-07-27,Buy Steroid API in Guatemala — Wholesale Pricing &#038; Import Guide,https://aarisepharma.com/buy-steroid-api-guatemala-wholesale-pricing-guide/
aarisepharma.com,Tier-2/3 depth page,2026-07-27,Hormone API Manufacturer for Argentina — Product Catalog &#038; Specifications,https://aarisepharma.com/hormone-raw-material-manufacturer-argentina-product-catalog/
aarisepharma.com,Tier-2/3 depth page,2026-07-27,Buy Hormone API in Argentina — Wholesale Pricing &#038; Import Guide,https://aarisepharma.com/buy-hormone-api-argentina-wholesale-pricing-guide/
aarisepharma.com,Tier-2/3 depth page,2026-07-27,Pharmaceutical API Manufacturer for Argentina — Product Catalog &#038; Specifications,https://aarisepharma.com/pharma-raw-material-manufacturer-argentina-product-catalog/
aarisepharma.com,Tier-2/3 depth page,2026-07-27,Buy Pharmaceutical API in Argentina — Wholesale Pricing &#038; Import Guide,https://aarisepharma.com/buy-pharma-api-argentina-wholesale-pricing-guide/
aarisepharma.com,Tier-2/3 depth page,2026-07-27,Peptide API Manufacturer for Argentina — Product Catalog &#038; Specifications,https://aarisepharma.com/peptide-raw-material-manufacturer-argentina-product-catalog/
aarisepharma.com,Tier-2/3 depth page,2026-07-27,Buy Peptide API in Argentina — Wholesale Pricing &#038; Import Guide,https://aarisepharma.com/buy-peptide-api-argentina-wholesale-pricing-guide/
aarisepharma.com,Tier-2/3 depth page,2026-07-27,Steroid API Manufacturer for Argentina — Product Catalog &#038; Specifications,https://aarisepharma.com/steroid-raw-material-manufacturer-argentina-product-catalog/
aarisepharma.com,Tier-2/3 depth page,2026-07-27,Buy Steroid API in Argentina — Wholesale Pricing &#038; Import Guide,https://aarisepharma.com/buy-steroid-api-argentina-wholesale-pricing-guide/
aarisepharma.com,Tier-2/3 depth page,2026-07-27,Hormone API Manufacturer for Brazil — Product Catalog &#038; Specifications,https://aarisepharma.com/hormone-raw-material-manufacturer-brazil-product-catalog/
aarisepharma.com,Tier-2/3 depth page,2026-07-27,Buy Hormone API in Brazil — Wholesale Pricing &#038; Import Guide,https://aarisepharma.com/buy-hormone-api-brazil-wholesale-pricing-guide/
aarisepharma.com,Tier-2/3 depth page,2026-07-27,Pharmaceutical API Manufacturer for Brazil — Product Catalog &#038; Specifications,https://aarisepharma.com/pharma-raw-material-manufacturer-brazil-product-catalog/
aarisepharma.com,Tier-2/3 depth page,2026-07-27,Buy Pharmaceutical API in Brazil — Wholesale Pricing &#038; Import Guide,https://aarisepharma.com/buy-pharma-api-brazil-wholesale-pricing-guide/
aarisepharma.com,Tier-2/3 depth page,2026-07-27,Peptide API Manufacturer for Brazil — Product Catalog &#038; Specifications,https://aarisepharma.com/peptide-raw-material-manufacturer-brazil-product-catalog/
aarisepharma.com,Tier-2/3 depth page,2026-07-27,Buy Peptide API in Brazil — Wholesale Pricing &#038; Import Guide,https://aarisepharma.com/buy-peptide-api-brazil-wholesale-pricing-guide/
aarisepharma.com,Tier-2/3 depth page,2026-07-27,Steroid API Manufacturer for Brazil — Product Catalog &#038; Specifications,https://aarisepharma.com/steroid-raw-material-manufacturer-brazil-product-catalog/
aarisepharma.com,Tier-2/3 depth page,2026-07-27,Buy Steroid API in Brazil — Wholesale Pricing &#038; Import Guide,https://aarisepharma.com/buy-steroid-api-brazil-wholesale-pricing-guide/
aarisepharma.com,Tier-2/3 depth page,2026-07-27,Hormone API Manufacturer for Chile — Product Catalog &#038; Specifications,https://aarisepharma.com/hormone-raw-material-manufacturer-chile-product-catalog/
aarisepharma.com,Tier-2/3 depth page,2026-07-27,Buy Hormone API in Chile — Wholesale Pricing &#038; Import Guide,https://aarisepharma.com/buy-hormone-api-chile-wholesale-pricing-guide/
aarisepharma.com,Tier-2/3 depth page,2026-07-27,Pharmaceutical API Manufacturer for Chile — Product Catalog &#038; Specifications,https://aarisepharma.com/pharma-raw-material-manufacturer-chile-product-catalog/
aarisepharma.com,Tier-2/3 depth page,2026-07-27,Buy Pharmaceutical API in Chile — Wholesale Pricing &#038; Import Guide,https://aarisepharma.com/buy-pharma-api-chile-wholesale-pricing-guide/
aarisepharma.com,Tier-2/3 depth page,2026-07-27,Peptide API Manufacturer for Chile — Product Catalog &#038; Specifications,https://aarisepharma.com/peptide-raw-material-manufacturer-chile-product-catalog/
aarisepharma.com,Tier-2/3 depth page,2026-07-27,Buy Peptide API in Chile — Wholesale Pricing &#038; Import Guide,https://aarisepharma.com/buy-peptide-api-chile-wholesale-pricing-guide/
aarisepharma.com,Tier-2/3 depth page,2026-07-27,Steroid API Manufacturer for Chile — Product Catalog &#038; Specifications,https://aarisepharma.com/steroid-raw-material-manufacturer-chile-product-catalog/
aarisepharma.com,Tier-2/3 depth page,2026-07-27,Buy Steroid API in Chile — Wholesale Pricing &#038; Import Guide,https://aarisepharma.com/buy-steroid-api-chile-wholesale-pricing-guide/
aarisepharma.com,Tier-2/3 depth page,2026-07-27,Hormone API Manufacturer for Colombia — Product Catalog &#038; Specifications,https://aarisepharma.com/hormone-raw-material-manufacturer-colombia-product-catalog/
aarisepharma.com,Tier-2/3 depth page,2026-07-27,Buy Hormone API in Colombia — Wholesale Pricing &#038; Import Guide,https://aarisepharma.com/buy-hormone-api-colombia-wholesale-pricing-guide/
aarisepharma.com,Tier-2/3 depth page,2026-07-27,Pharmaceutical API Manufacturer for Colombia — Product Catalog &#038; Specifications,https://aarisepharma.com/pharma-raw-material-manufacturer-colombia-product-catalog/
aarisepharma.com,Tier-2/3 depth page,2026-07-27,Buy Pharmaceutical API in Colombia — Wholesale Pricing &#038; Import Guide,https://aarisepharma.com/buy-pharma-api-colombia-wholesale-pricing-guide/
aarisepharma.com,Tier-2/3 depth page,2026-07-27,Peptide API Manufacturer for Colombia — Product Catalog &#038; Specifications,https://aarisepharma.com/peptide-raw-material-manufacturer-colombia-product-catalog/
aarisepharma.com,Tier-2/3 depth page,2026-07-27,Buy Peptide API in Colombia — Wholesale Pricing &#038; Import Guide,https://aarisepharma.com/buy-peptide-api-colombia-wholesale-pricing-guide/
aarisepharma.com,Tier-2/3 depth page,2026-07-27,Steroid API Manufacturer for Colombia — Product Catalog &#038; Specifications,https://aarisepharma.com/steroid-raw-material-manufacturer-colombia-product-catalog/
aarisepharma.com,Tier-2/3 depth page,2026-07-27,Buy Steroid API in Colombia — Wholesale Pricing &#038; Import Guide,https://aarisepharma.com/buy-steroid-api-colombia-wholesale-pricing-guide/
aarisepharma.com,Tier-2/3 depth page,2026-07-27,Hormone API Manufacturer for Ecuador — Product Catalog &#038; Specifications,https://aarisepharma.com/hormone-raw-material-manufacturer-ecuador-product-catalog/
aarisepharma.com,Tier-2/3 depth page,2026-07-27,Buy Hormone API in Ecuador — Wholesale Pricing &#038; Import Guide,https://aarisepharma.com/buy-hormone-api-ecuador-wholesale-pricing-guide/
aarisepharma.com,Tier-2/3 depth page,2026-07-27,Pharmaceutical API Manufacturer for Ecuador — Product Catalog &#038; Specifications,https://aarisepharma.com/pharma-raw-material-manufacturer-ecuador-product-catalog/
aarisepharma.com,Tier-2/3 depth page,2026-07-27,Buy Pharmaceutical API in Ecuador — Wholesale Pricing &#038; Import Guide,https://aarisepharma.com/buy-pharma-api-ecuador-wholesale-pricing-guide/
aarisepharma.com,Tier-2/3 depth page,2026-07-27,Peptide API Manufacturer for Ecuador — Product Catalog &#038; Specifications,https://aarisepharma.com/peptide-raw-material-manufacturer-ecuador-product-catalog/
aarisepharma.com,Tier-2/3 depth page,2026-07-27,Buy Peptide API in Ecuador — Wholesale Pricing &#038; Import Guide,https://aarisepharma.com/buy-peptide-api-ecuador-wholesale-pricing-guide/
aarisepharma.com,Tier-2/3 depth page,2026-07-27,Steroid API Manufacturer for Ecuador — Product Catalog &#038; Specifications,https://aarisepharma.com/steroid-raw-material-manufacturer-ecuador-product-catalog/
aarisepharma.com,Tier-2/3 depth page,2026-07-27,Buy Steroid API in Ecuador — Wholesale Pricing &#038; Import Guide,https://aarisepharma.com/buy-steroid-api-ecuador-wholesale-pricing-guide/
aarisepharma.com,Tier-1 country hub,2026-07-27,Pharmaceutical API Supplier for Netherlands — WHO-GMP Export from India,https://aarisepharma.com/pharmaceutical-api-supplier-netherlands-import-sourcing-guide/
aarisepharma.com,Tier-1 country hub,2026-07-27,Pharmaceutical API Supplier for Russia — WHO-GMP Export from India,https://aarisepharma.com/pharmaceutical-api-supplier-russia-import-sourcing-guide/
aarisepharma.com,Tier-1 country hub,2026-07-27,Pharmaceutical API Supplier for Canada — WHO-GMP Export from India,https://aarisepharma.com/pharmaceutical-api-supplier-canada-import-sourcing-guide/
aarisepharma.com,Tier-1 country hub,2026-07-27,Pharmaceutical API Supplier for Vietnam — WHO-GMP Export from India,https://aarisepharma.com/pharmaceutical-api-supplier-vietnam-import-sourcing-guide/
aarisepharma.com,Tier-1 country hub,2026-07-27,Pharmaceutical API Supplier for South Korea — WHO-GMP Export from India,https://aarisepharma.com/pharmaceutical-api-supplier-south-korea-import-sourcing-guide/
aarisepharma.com,Tier-1 country hub,2026-07-27,Pharmaceutical API Supplier for Turkey — WHO-GMP Export from India,https://aarisepharma.com/pharmaceutical-api-supplier-turkey-import-sourcing-guide/
aarisepharma.com,Tier-1 country hub,2026-07-27,Pharmaceutical API Supplier for Poland — WHO-GMP Export from India,https://aarisepharma.com/pharmaceutical-api-supplier-poland-import-sourcing-guide/
aarisepharma.com,Tier-1 country hub,2026-07-27,Pharmaceutical API Supplier for Germany — WHO-GMP Export from India,https://aarisepharma.com/pharmaceutical-api-supplier-germany-import-sourcing-guide/
aarisepharma.com,Tier-1 country hub,2026-07-27,Pharmaceutical API Supplier for Spain — WHO-GMP Export from India,https://aarisepharma.com/pharmaceutical-api-supplier-spain-import-sourcing-guide/
aarisepharma.com,Tier-1 country hub,2026-07-27,Pharmaceutical API Supplier for Guatemala — WHO-GMP Export from India,https://aarisepharma.com/pharmaceutical-api-supplier-guatemala-import-sourcing-guide/
aarisepharma.com,Supporting page,2026-07-28,Pharmaceutical API Export Markets — Where Aarise Pharma Ships,https://aarisepharma.com/pharma-api-export-markets/
aarisepharma.com,Supporting page,2026-07-28,Active Pharmaceutical Ingredients (API) Manufacturer — Aarise Pharma,https://aarisepharma.com/api/
